{
    "avg_prec": 0.5874474845276996,
    "roc_auc": 0.7497753818508535
}